District,DS Division,Elevation (m),Annual Rainfall (mm),Avg Temperature (?C),Humidity (%),Soil Texture Type,Soil Quality,Drainage,Soil-Specific Recommended Variety
Ampara,Addalachchenai,766,1820,25.5,92,Sandy clay loam,Organic-rich,Moderate drainage,Narayakodi
Ampara,Akkaraipattu,766,1820,25.5,92,Red loam,Slightly acidic,Good drainage,Sreekara
Ampara,Alayadivembu,766,1820,25.5,92,Loamy,Rich in organic matter,Well-drained,Panniyur-1
Ampara,Ampara,284,3735,26.3,75,Sandy clay loam,Organic-rich,Moderate drainage,Narayakodi
Ampara,Damana,284,3735,26.3,75,Red loam,Slightly acidic,Good drainage,Sreekara
Ampara,Dehiattakandiya,284,3735,26.3,75,Loamy,Rich in organic matter,Well-drained,Panniyur-1
Ampara,Irakkamam,1279,4255,25.3,75,Sandy clay loam,Organic-rich,Moderate drainage,Narayakodi
Ampara,Kalmunai,1279,4255,25.3,75,Red loam,Slightly acidic,Good drainage,Sreekara
Ampara,Karaitivu,1279,4255,25.3,75,Loamy,Rich in organic matter,Well-drained,Panniyur-1
Ampara,Lahugala,745,3625,28.1,88,Sandy clay loam,Organic-rich,Moderate drainage,Narayakodi
Ampara,Mahaoya,745,3625,28.1,88,Red loam,Slightly acidic,Good drainage,Sreekara
Ampara,Navithanveli,745,3625,28.1,88,Loamy,Rich in organic matter,Well-drained,Panniyur-1
Ampara,Nintavur,758,4590,30,93,Sandy clay loam,Organic-rich,Moderate drainage,Narayakodi
Ampara,Padiyathalawa,758,4590,30,93,Red loam,Slightly acidic,Good drainage,Sreekara
Ampara,Sainthamaruthu,758,4590,30,93,Loamy,Rich in organic matter,Well-drained,Panniyur-1
Ampara,Sammanthurai,1257,3132,28.8,83,Sandy clay loam,Organic-rich,Moderate drainage,Narayakodi
Ampara,Samanthurai,1257,3132,28.8,83,Red loam,Slightly acidic,Good drainage,Sreekara
Ampara,Thirukkovil,1257,3132,28.8,83,Loamy,Rich in organic matter,Well-drained,Panniyur-1
Ampara,Uhana,153,3109,27.2,78,Sandy clay loam,Organic-rich,Moderate drainage,Narayakodi
Anuradhapura,Galenbindunuwewa,153,3109,27.2,78,Red loam,Slightly acidic,Good drainage,Sreekara
Anuradhapura,Galnewa,153,3109,27.2,78,Loamy,Rich in organic matter,Well-drained,Panniyur-1
Anuradhapura,Horowpothana,1245,4460,27.7,79,Sandy clay loam,Organic-rich,Moderate drainage,Narayakodi
Anuradhapura,Ipalogama,1245,4460,27.7,79,Red loam,Slightly acidic,Good drainage,Sreekara
Anuradhapura,Kahatagasdigiliya,1245,4460,27.7,79,Loamy,Rich in organic matter,Well-drained,Panniyur-1
Anuradhapura,Kebithigollewa,773,4073,27.4,65,Sandy clay loam,Organic-rich,Moderate drainage,Narayakodi
Anuradhapura,Kekirawa,773,4073,27.4,65,Red loam,Slightly acidic,Good drainage,Sreekara
Anuradhapura,Mahavilachchiya,773,4073,27.4,65,Loamy,Rich in organic matter,Well-drained,Panniyur-1
Anuradhapura,Medawachchiya,444,4546,23.8,79,Sandy clay loam,Organic-rich,Moderate drainage,Narayakodi
Anuradhapura,Mihintale,444,4546,23.8,79,Red loam,Slightly acidic,Good drainage,Sreekara
Anuradhapura,Nachchaduwa,444,4546,23.8,79,Loamy,Rich in organic matter,Well-drained,Panniyur-1
Anuradhapura,Nuwaragam Palatha Central,417,1313,27.3,70,Sandy clay loam,Organic-rich,Moderate drainage,Narayakodi
Anuradhapura,Nuwaragam Palatha East,417,1313,27.3,70,Red loam,Slightly acidic,Good drainage,Sreekara
Anuradhapura,Palagala,417,1313,27.3,70,Loamy,Rich in organic matter,Well-drained,Panniyur-1
Anuradhapura,Rambewa,45,4495,22.7,60,Sandy clay loam,Organic-rich,Moderate drainage,Narayakodi
Anuradhapura,Rathmalgahawewa,45,4495,22.7,60,Red loam,Slightly acidic,Good drainage,Sreekara
Anuradhapura,Thalawa,45,4495,22.7,60,Loamy,Rich in organic matter,Well-drained,Panniyur-1
Anuradhapura,Thambuttegama,1019,3240,26.3,84,Sandy clay loam,Organic-rich,Moderate drainage,Narayakodi
Anuradhapura,Yaya Palatha,1019,3240,26.3,84,Red loam,Slightly acidic,Good drainage,Sreekara
Badulla,Badulla,1019,3240,26.3,84,Loamy,Rich in organic matter,Well-drained,Panniyur-1
Badulla,Bandarawela,80,2565,27.2,69,Sandy clay loam,Organic-rich,Moderate drainage,Narayakodi
Badulla,Ella,80,2565,27.2,69,Red loam,Slightly acidic,Good drainage,Sreekara
Badulla,Hali-Ela,80,2565,27.2,69,Loamy,Rich in organic matter,Well-drained,Panniyur-1
Badulla,Haputale,972,2420,28.5,90,Sandy clay loam,Organic-rich,Moderate drainage,Narayakodi
Badulla,Kandaketiya,972,2420,28.5,90,Red loam,Slightly acidic,Good drainage,Sreekara
Badulla,Lunugala,972,2420,28.5,90,Loamy,Rich in organic matter,Well-drained,Panniyur-1
Badulla,Mahiyanganaya,1013,2301,22.1,73,Sandy clay loam,Organic-rich,Moderate drainage,Narayakodi
Badulla,Meegahakivula,1013,2301,22.1,73,Red loam,Slightly acidic,Good drainage,Sreekara
Badulla,Passara,1013,2301,22.1,73,Loamy,Rich in organic matter,Well-drained,Panniyur-1
Badulla,Rideemaliyadda,951,2179,29.5,87,Sandy clay loam,Organic-rich,Moderate drainage,Narayakodi
Badulla,Soranatota,951,2179,29.5,87,Red loam,Slightly acidic,Good drainage,Sreekara
Badulla,Uva Paranagama,951,2179,29.5,87,Loamy,Rich in organic matter,Well-drained,Panniyur-1
Badulla,Welimada,994,2499,24.6,71,Sandy clay loam,Organic-rich,Moderate drainage,Narayakodi
Batticaloa,Batticaloa,994,2499,24.6,71,Red loam,Slightly acidic,Good drainage,Sreekara
Batticaloa,Eravur Pattu,994,2499,24.6,71,Loamy,Rich in organic matter,Well-drained,Panniyur-1
Batticaloa,Kattankudy,576,2903,24,80,Sandy clay loam,Organic-rich,Moderate drainage,Narayakodi
Batticaloa,Koralai Pattu,576,2903,24,80,Red loam,Slightly acidic,Good drainage,Sreekara
Batticaloa,Koralai Pattu Central,576,2903,24,80,Loamy,Rich in organic matter,Well-drained,Panniyur-1
Batticaloa,Koralai Pattu North,659,1628,28.7,60,Sandy clay loam,Organic-rich,Moderate drainage,Narayakodi
Batticaloa,Koralai Pattu South,659,1628,28.7,60,Red loam,Slightly acidic,Good drainage,Sreekara
Batticaloa,Koralai Pattu West,659,1628,28.7,60,Loamy,Rich in organic matter,Well-drained,Panniyur-1
Batticaloa,Manmunai North,805,3296,26.1,95,Sandy clay loam,Organic-rich,Moderate drainage,Narayakodi
Batticaloa,Manmunai Pattu,805,3296,26.1,95,Red loam,Slightly acidic,Good drainage,Sreekara
Batticaloa,Manmunai South,805,3296,26.1,95,Loamy,Rich in organic matter,Well-drained,Panniyur-1
Batticaloa,Manmunai South West,1401,1320,26.3,69,Sandy clay loam,Organic-rich,Moderate drainage,Narayakodi
Batticaloa,Manmunai West,1401,1320,26.3,69,Red loam,Slightly acidic,Good drainage,Sreekara
Batticaloa,Porativu Pattu,1401,1320,26.3,69,Loamy,Rich in organic matter,Well-drained,Panniyur-1
Colombo,Colombo,913,3929,30,84,Sandy clay loam,Organic-rich,Moderate drainage,Narayakodi
Colombo,Dehiwala,913,3929,30,84,Red loam,Slightly acidic,Good drainage,Sreekara
Colombo,Homagama,913,3929,30,84,Loamy,Rich in organic matter,Well-drained,Panniyur-1
Colombo,Kaduwela,1201,4579,28,94,Sandy clay loam,Organic-rich,Moderate drainage,Narayakodi
Colombo,Kesbewa,1201,4579,28,94,Red loam,Slightly acidic,Good drainage,Sreekara
Colombo,Kolonnawa,1201,4579,28,94,Loamy,Rich in organic matter,Well-drained,Panniyur-1
Colombo,Maharagama,619,1231,28.4,61,Sandy clay loam,Organic-rich,Moderate drainage,Narayakodi
Colombo,Moratuwa,619,1231,28.4,61,Red loam,Slightly acidic,Good drainage,Sreekara
Colombo,Padukka,619,1231,28.4,61,Loamy,Rich in organic matter,Well-drained,Panniyur-1
Colombo,Ratmalana,851,1460,27.5,93,Sandy clay loam,Organic-rich,Moderate drainage,Narayakodi
Colombo,Seethawaka,851,1460,27.5,93,Red loam,Slightly acidic,Good drainage,Sreekara
Colombo,Sri Jayawardenepura Kotte,851,1460,27.5,93,Loamy,Rich in organic matter,Well-drained,Panniyur-1
Colombo,Thimbirigasyaya,1099,1627,27.4,64,Sandy clay loam,Organic-rich,Moderate drainage,Narayakodi
Galle,Ambalangoda,1099,1627,27.4,64,Red loam,Slightly acidic,Good drainage,Sreekara
Galle,Baddegama,1099,1627,27.4,64,Loamy,Rich in organic matter,Well-drained,Panniyur-1
Galle,Balapitiya,1042,3391,25.5,78,Sandy clay loam,Organic-rich,Moderate drainage,Narayakodi
Galle,Benthota,1042,3391,25.5,78,Red loam,Slightly acidic,Good drainage,Sreekara
Galle,Bope-Poddala,1042,3391,25.5,78,Loamy,Rich in organic matter,Well-drained,Panniyur-1
Galle,Elpitiya,586,1217,27.5,67,Sandy clay loam,Organic-rich,Moderate drainage,Narayakodi
Galle,Galle,586,1217,27.5,67,Red loam,Slightly acidic,Good drainage,Sreekara
Galle,Gonapinuwala,586,1217,27.5,67,Loamy,Rich in organic matter,Well-drained,Panniyur-1
Galle,Habaraduwa,744,3952,25,75,Sandy clay loam,Organic-rich,Moderate drainage,Narayakodi
Galle,Hikkaduwa,744,3952,25,75,Red loam,Slightly acidic,Good drainage,Sreekara
Galle,Imaduwa,744,3952,25,75,Loamy,Rich in organic matter,Well-drained,Panniyur-1
Galle,Karandeniya,1115,2365,29.8,93,Sandy clay loam,Organic-rich,Moderate drainage,Narayakodi
Galle,Nagoda,1115,2365,29.8,93,Red loam,Slightly acidic,Good drainage,Sreekara
Galle,Neluwa,1115,2365,29.8,93,Loamy,Rich in organic matter,Well-drained,Panniyur-1
Galle,Thawalama,1076,3865,27.2,93,Sandy clay loam,Organic-rich,Moderate drainage,Narayakodi
Galle,Welivitiya-Divithura,1076,3865,27.2,93,Red loam,Slightly acidic,Good drainage,Sreekara
Galle,Yakkalamulla,1076,3865,27.2,93,Loamy,Rich in organic matter,Well-drained,Panniyur-1
Gampaha,Attanagalla,367,2899,23,60,Sandy clay loam,Organic-rich,Moderate drainage,Narayakodi
Gampaha,Biyagama,367,2899,23,60,Red loam,Slightly acidic,Good drainage,Sreekara
Gampaha,Divulapitiya,367,2899,23,60,Loamy,Rich in organic matter,Well-drained,Panniyur-1
Gampaha,Dompe,767,4670,25.9,75,Sandy clay loam,Organic-rich,Moderate drainage,Narayakodi
Gampaha,Gampaha,767,4670,25.9,75,Red loam,Slightly acidic,Good drainage,Sreekara
Gampaha,Ja-Ela,767,4670,25.9,75,Loamy,Rich in organic matter,Well-drained,Panniyur-1
Gampaha,Katana,686,2549,25.6,63,Sandy clay loam,Organic-rich,Moderate drainage,Narayakodi
Gampaha,Kelaniya,686,2549,25.6,63,Red loam,Slightly acidic,Good drainage,Sreekara
Gampaha,Mahara,686,2549,25.6,63,Loamy,Rich in organic matter,Well-drained,Panniyur-1
Gampaha,Minuwangoda,310,1660,26.4,81,Sandy clay loam,Organic-rich,Moderate drainage,Narayakodi
Gampaha,Mirigama,310,1660,26.4,81,Red loam,Slightly acidic,Good drainage,Sreekara
Gampaha,Negombo,310,1660,26.4,81,Loamy,Rich in organic matter,Well-drained,Panniyur-1
Gampaha,Wattala,988,4934,29.3,87,Sandy clay loam,Organic-rich,Moderate drainage,Narayakodi
Hambantota,Ambalantota,988,4934,29.3,87,Red loam,Slightly acidic,Good drainage,Sreekara
Hambantota,Angunukolapelessa,988,4934,29.3,87,Loamy,Rich in organic matter,Well-drained,Panniyur-1
Hambantota,Beliatta,1127,1657,27.9,74,Sandy clay loam,Organic-rich,Moderate drainage,Narayakodi
Hambantota,Hambantota,1127,1657,27.9,74,Red loam,Slightly acidic,Good drainage,Sreekara
Hambantota,Katuwana,1127,1657,27.9,74,Loamy,Rich in organic matter,Well-drained,Panniyur-1
Hambantota,Lunugamvehera,1378,2089,24.6,89,Sandy clay loam,Organic-rich,Moderate drainage,Narayakodi
Hambantota,Okewela,1378,2089,24.6,89,Red loam,Slightly acidic,Good drainage,Sreekara
Hambantota,Sooriyawewa,1378,2089,24.6,89,Loamy,Rich in organic matter,Well-drained,Panniyur-1
Hambantota,Tangalle,304,3902,22.5,93,Sandy clay loam,Organic-rich,Moderate drainage,Narayakodi
Hambantota,Thissamaharama,304,3902,22.5,93,Red loam,Slightly acidic,Good drainage,Sreekara
Hambantota,Walasmulla,304,3902,22.5,93,Loamy,Rich in organic matter,Well-drained,Panniyur-1
Hambantota,Weeraketiya,505,1292,26.1,62,Sandy clay loam,Organic-rich,Moderate drainage,Narayakodi
Jaffna,Chavakachcheri,505,1292,26.1,62,Red loam,Slightly acidic,Good drainage,Sreekara
Jaffna,Delft,505,1292,26.1,62,Loamy,Rich in organic matter,Well-drained,Panniyur-1
Jaffna,Islands North,122,3818,25.9,81,Sandy clay loam,Organic-rich,Moderate drainage,Narayakodi
Jaffna,Islands South,122,3818,25.9,81,Red loam,Slightly acidic,Good drainage,Sreekara
Jaffna,Jaffna,122,3818,25.9,81,Loamy,Rich in organic matter,Well-drained,Panniyur-1
Jaffna,Karainagar,546,4739,27.8,74,Sandy clay loam,Organic-rich,Moderate drainage,Narayakodi
Jaffna,Karaveddy,546,4739,27.8,74,Red loam,Slightly acidic,Good drainage,Sreekara
Jaffna,Kayts,546,4739,27.8,74,Loamy,Rich in organic matter,Well-drained,Panniyur-1
Jaffna,Kopay,672,3096,23,95,Sandy clay loam,Organic-rich,Moderate drainage,Narayakodi
Jaffna,Nallur,672,3096,23,95,Red loam,Slightly acidic,Good drainage,Sreekara
Jaffna,Point Pedro,672,3096,23,95,Loamy,Rich in organic matter,Well-drained,Panniyur-1
Jaffna,Sandilipay,917,2691,28.9,81,Sandy clay loam,Organic-rich,Moderate drainage,Narayakodi
Jaffna,Tellippalai,917,2691,28.9,81,Red loam,Slightly acidic,Good drainage,Sreekara
Jaffna,Uduvil,917,2691,28.9,81,Loamy,Rich in organic matter,Well-drained,Panniyur-1
Jaffna,Valikamam East,1211,1845,28.8,71,Sandy clay loam,Organic-rich,Moderate drainage,Narayakodi
Jaffna,Valikamam North,1211,1845,28.8,71,Red loam,Slightly acidic,Good drainage,Sreekara
Jaffna,Valikamam South,1211,1845,28.8,71,Loamy,Rich in organic matter,Well-drained,Panniyur-1
Jaffna,Valikamam South West,137,4978,28.6,72,Sandy clay loam,Organic-rich,Moderate drainage,Narayakodi
Jaffna,Valikamam West,137,4978,28.6,72,Red loam,Slightly acidic,Good drainage,Sreekara
Kalutara,Agalawatta,137,4978,28.6,72,Loamy,Rich in organic matter,Well-drained,Panniyur-1
Kalutara,Bandaragama,1192,1535,25.6,94,Sandy clay loam,Organic-rich,Moderate drainage,Narayakodi
Kalutara,Beruwala,1192,1535,25.6,94,Red loam,Slightly acidic,Good drainage,Sreekara
Kalutara,Bulathsinhala,1192,1535,25.6,94,Loamy,Rich in organic matter,Well-drained,Panniyur-1
Kalutara,Dodangoda,502,2469,22.5,62,Sandy clay loam,Organic-rich,Moderate drainage,Narayakodi
Kalutara,Horana,502,2469,22.5,62,Red loam,Slightly acidic,Good drainage,Sreekara
Kalutara,Ingiriya,502,2469,22.5,62,Loamy,Rich in organic matter,Well-drained,Panniyur-1
Kalutara,Kalutara,692,3597,25.9,70,Sandy clay loam,Organic-rich,Moderate drainage,Narayakodi
Kalutara,Matugama,692,3597,25.9,70,Red loam,Slightly acidic,Good drainage,Sreekara
Kalutara,Millaniya,692,3597,25.9,70,Loamy,Rich in organic matter,Well-drained,Panniyur-1
Kalutara,Panadura,482,3512,25.5,89,Sandy clay loam,Organic-rich,Moderate drainage,Narayakodi
Kalutara,Walallavita,482,3512,25.5,89,Red loam,Slightly acidic,Good drainage,Sreekara
Kandy,Akurana,482,3512,25.5,89,Loamy,Rich in organic matter,Well-drained,Panniyur-1
Kandy,Delthota,1234,1537,25.4,65,Sandy clay loam,Organic-rich,Moderate drainage,Narayakodi
Kandy,Doluwa,1234,1537,25.4,65,Red loam,Slightly acidic,Good drainage,Sreekara
Kandy,Gangawata Korale,1234,1537,25.4,65,Loamy,Rich in organic matter,Well-drained,Panniyur-1
Kandy,Harispattuwa,1141,4442,24.2,94,Sandy clay loam,Organic-rich,Moderate drainage,Narayakodi
Kandy,Kundasale,1141,4442,24.2,94,Red loam,Slightly acidic,Good drainage,Sreekara
Kandy,Medadumbara,1141,4442,24.2,94,Loamy,Rich in organic matter,Well-drained,Panniyur-1
Kandy,Minipe,108,3127,22.2,85,Sandy clay loam,Organic-rich,Moderate drainage,Narayakodi
Kandy,Pathahewaheta,108,3127,22.2,85,Red loam,Slightly acidic,Good drainage,Sreekara
Kandy,Pasbage Korale,108,3127,22.2,85,Loamy,Rich in organic matter,Well-drained,Panniyur-1
Kandy,Thumpane,1112,4530,27.2,91,Sandy clay loam,Organic-rich,Moderate drainage,Narayakodi
Kandy,Udapalatha,1112,4530,27.2,91,Red loam,Slightly acidic,Good drainage,Sreekara
Kandy,Udunuwara,1112,4530,27.2,91,Loamy,Rich in organic matter,Well-drained,Panniyur-1
Kandy,Udadumbara,660,1248,23,64,Sandy clay loam,Organic-rich,Moderate drainage,Narayakodi
Kandy,Yatinuwara,660,1248,23,64,Red loam,Slightly acidic,Good drainage,Sreekara
Kegalle,Aranayaka,660,1248,23,64,Loamy,Rich in organic matter,Well-drained,Panniyur-1
Kegalle,Bulathkohupitiya,463,3677,25.1,83,Sandy clay loam,Organic-rich,Moderate drainage,Narayakodi
Kegalle,Daraniyagala,463,3677,25.1,83,Red loam,Slightly acidic,Good drainage,Sreekara
Kegalle,Dehiowita,463,3677,25.1,83,Loamy,Rich in organic matter,Well-drained,Panniyur-1
Kegalle,Deraniyagala,851,1711,25,73,Sandy clay loam,Organic-rich,Moderate drainage,Narayakodi
Kegalle,Galigamuwa,851,1711,25,73,Red loam,Slightly acidic,Good drainage,Sreekara
Kegalle,Kegalle,851,1711,25,73,Loamy,Rich in organic matter,Well-drained,Panniyur-1
Kegalle,Mawanella,1415,2634,22,74,Sandy clay loam,Organic-rich,Moderate drainage,Narayakodi
Kegalle,Rambukkana,1415,2634,22,74,Red loam,Slightly acidic,Good drainage,Sreekara
Kegalle,Ruwanwella,1415,2634,22,74,Loamy,Rich in organic matter,Well-drained,Panniyur-1
Kegalle,Warakapola,72,4877,26.8,69,Sandy clay loam,Organic-rich,Moderate drainage,Narayakodi
Kegalle,Yatiyantota,72,4877,26.8,69,Red loam,Slightly acidic,Good drainage,Sreekara
Kilinochchi,Karachchi,72,4877,26.8,69,Loamy,Rich in organic matter,Well-drained,Panniyur-1
Kilinochchi,Kandavalai,858,1902,25.7,76,Sandy clay loam,Organic-rich,Moderate drainage,Narayakodi
Kilinochchi,Pachchilaipalli,858,1902,25.7,76,Red loam,Slightly acidic,Good drainage,Sreekara
Kilinochchi,Poonakary,858,1902,25.7,76,Loamy,Rich in organic matter,Well-drained,Panniyur-1
Kurunegala,Alawwa,621,3542,25.2,69,Sandy clay loam,Organic-rich,Moderate drainage,Narayakodi
Kurunegala,Ambanpola,621,3542,25.2,69,Red loam,Slightly acidic,Good drainage,Sreekara
Kurunegala,Bamunakotuwa,621,3542,25.2,69,Loamy,Rich in organic matter,Well-drained,Panniyur-1
Kurunegala,Ehetuwewa,5,4867,29.2,85,Sandy clay loam,Organic-rich,Moderate drainage,Narayakodi
Kurunegala,Galgamuwa,5,4867,29.2,85,Red loam,Slightly acidic,Good drainage,Sreekara
Kurunegala,Ganewatta,5,4867,29.2,85,Loamy,Rich in organic matter,Well-drained,Panniyur-1
Kurunegala,Giribawa,1315,4744,22.2,88,Sandy clay loam,Organic-rich,Moderate drainage,Narayakodi
Kurunegala,Ibbagamuwa,1315,4744,22.2,88,Red loam,Slightly acidic,Good drainage,Sreekara
Kurunegala,Kobeigane,1315,4744,22.2,88,Loamy,Rich in organic matter,Well-drained,Panniyur-1
Kurunegala,Kuliyapitiya East,52,2818,28.9,73,Sandy clay loam,Organic-rich,Moderate drainage,Narayakodi
Kurunegala,Kuliyapitiya West,52,2818,28.9,73,Red loam,Slightly acidic,Good drainage,Sreekara
Kurunegala,Kurunegala,52,2818,28.9,73,Loamy,Rich in organic matter,Well-drained,Panniyur-1
Kurunegala,Mahawa,608,4453,24.2,80,Sandy clay loam,Organic-rich,Moderate drainage,Narayakodi
Kurunegala,Mallawapitiya,608,4453,24.2,80,Red loam,Slightly acidic,Good drainage,Sreekara
Kurunegala,Maspotha,608,4453,24.2,80,Loamy,Rich in organic matter,Well-drained,Panniyur-1
Kurunegala,Nikaweratiya,1307,4702,29.6,73,Sandy clay loam,Organic-rich,Moderate drainage,Narayakodi
Kurunegala,Panduwasnuwara,1307,4702,29.6,73,Red loam,Slightly acidic,Good drainage,Sreekara
Kurunegala,Pannala,1307,4702,29.6,73,Loamy,Rich in organic matter,Well-drained,Panniyur-1
Kurunegala,Polgahawela,1143,1499,25.1,92,Sandy clay loam,Organic-rich,Moderate drainage,Narayakodi
Kurunegala,Polpithigama,1143,1499,25.1,92,Red loam,Slightly acidic,Good drainage,Sreekara
Kurunegala,Rasnayakapura,1143,1499,25.1,92,Loamy,Rich in organic matter,Well-drained,Panniyur-1
Kurunegala,Rideegama,1493,2324,28.7,76,Sandy clay loam,Organic-rich,Moderate drainage,Narayakodi
Kurunegala,Udubaddawa,1493,2324,28.7,76,Red loam,Slightly acidic,Good drainage,Sreekara
Kurunegala,Wariyapola,1493,2324,28.7,76,Loamy,Rich in organic matter,Well-drained,Panniyur-1
Kurunegala,Weerambugedara,804,3046,29.7,82,Sandy clay loam,Organic-rich,Moderate drainage,Narayakodi
Mannar,Madhu,804,3046,29.7,82,Red loam,Slightly acidic,Good drainage,Sreekara
Mannar,Mannar,804,3046,29.7,82,Loamy,Rich in organic matter,Well-drained,Panniyur-1
Mannar,Manthai West,1275,2590,29,70,Sandy clay loam,Organic-rich,Moderate drainage,Narayakodi
Mannar,Musali,1275,2590,29,70,Red loam,Slightly acidic,Good drainage,Sreekara
Mannar,Nanaddan,1275,2590,29,70,Loamy,Rich in organic matter,Well-drained,Panniyur-1
Matale,Dambulla,281,3444,23.5,87,Sandy clay loam,Organic-rich,Moderate drainage,Narayakodi
Matale,Galewela,281,3444,23.5,87,Red loam,Slightly acidic,Good drainage,Sreekara
Matale,Laggala-Pallegama,281,3444,23.5,87,Loamy,Rich in organic matter,Well-drained,Panniyur-1
Matale,Matale,593,3585,28,88,Sandy clay loam,Organic-rich,Moderate drainage,Narayakodi
Matale,Naula,593,3585,28,88,Red loam,Slightly acidic,Good drainage,Sreekara
Matale,Rattota,593,3585,28,88,Loamy,Rich in organic matter,Well-drained,Panniyur-1
Matale,Ukuwela,13,3241,24.4,81,Sandy clay loam,Organic-rich,Moderate drainage,Narayakodi
Matale,Wilgamuwa,13,3241,24.4,81,Red loam,Slightly acidic,Good drainage,Sreekara
Matale,Yatawatta,13,3241,24.4,81,Loamy,Rich in organic matter,Well-drained,Panniyur-1
Matara,Akurassa,751,1640,26.6,74,Sandy clay loam,Organic-rich,Moderate drainage,Narayakodi
Matara,Athuraliya,751,1640,26.6,74,Red loam,Slightly acidic,Good drainage,Sreekara
Matara,Devinuwara,751,1640,26.6,74,Loamy,Rich in organic matter,Well-drained,Panniyur-1
Matara,Dickwella,324,2244,26.7,65,Sandy clay loam,Organic-rich,Moderate drainage,Narayakodi
Matara,Hakmana,324,2244,26.7,65,Red loam,Slightly acidic,Good drainage,Sreekara
Matara,Kamburupitiya,324,2244,26.7,65,Loamy,Rich in organic matter,Well-drained,Panniyur-1
Matara,Kirinda Puhulwella,15,3810,25.3,77,Sandy clay loam,Organic-rich,Moderate drainage,Narayakodi
Matara,Kotapola,15,3810,25.3,77,Red loam,Slightly acidic,Good drainage,Sreekara
Matara,Malimbada,15,3810,25.3,77,Loamy,Rich in organic matter,Well-drained,Panniyur-1
Matara,Matara,992,3162,29.1,92,Sandy clay loam,Organic-rich,Moderate drainage,Narayakodi
Matara,Mulatiyana,992,3162,29.1,92,Red loam,Slightly acidic,Good drainage,Sreekara
Matara,Pasgoda,992,3162,29.1,92,Loamy,Rich in organic matter,Well-drained,Panniyur-1
Matara,Pitabeddara,909,3749,28.7,93,Sandy clay loam,Organic-rich,Moderate drainage,Narayakodi
Matara,Thihagoda,909,3749,28.7,93,Red loam,Slightly acidic,Good drainage,Sreekara
Matara,Weligama,909,3749,28.7,93,Loamy,Rich in organic matter,Well-drained,Panniyur-1
Matara,Welipitiya,411,1841,24.8,61,Sandy clay loam,Organic-rich,Moderate drainage,Narayakodi
Monaragala,Badalkumbura,411,1841,24.8,61,Red loam,Slightly acidic,Good drainage,Sreekara
Monaragala,Bibile,411,1841,24.8,61,Loamy,Rich in organic matter,Well-drained,Panniyur-1
Monaragala,Buttala,901,1616,22.6,63,Sandy clay loam,Organic-rich,Moderate drainage,Narayakodi
Monaragala,Kataragama,901,1616,22.6,63,Red loam,Slightly acidic,Good drainage,Sreekara
Monaragala,Madulla,901,1616,22.6,63,Loamy,Rich in organic matter,Well-drained,Panniyur-1
Monaragala,Monaragala,1003,3356,25.3,70,Sandy clay loam,Organic-rich,Moderate drainage,Narayakodi
Monaragala,Sevanagala,1003,3356,25.3,70,Red loam,Slightly acidic,Good drainage,Sreekara
Monaragala,Siyambalanduwa,1003,3356,25.3,70,Loamy,Rich in organic matter,Well-drained,Panniyur-1
Monaragala,Thanamalvila,924,2284,28.1,85,Sandy clay loam,Organic-rich,Moderate drainage,Narayakodi
Monaragala,Wellawaya,924,2284,28.1,85,Red loam,Slightly acidic,Good drainage,Sreekara
Mullaitivu,Manthai East,924,2284,28.1,85,Loamy,Rich in organic matter,Well-drained,Panniyur-1
Mullaitivu,Maritimepattu,1166,4208,29.4,91,Sandy clay loam,Organic-rich,Moderate drainage,Narayakodi
Mullaitivu,Oddusuddan,1166,4208,29.4,91,Red loam,Slightly acidic,Good drainage,Sreekara
Mullaitivu,Puthukkudiyiruppu,1166,4208,29.4,91,Loamy,Rich in organic matter,Well-drained,Panniyur-1
Mullaitivu,Thunukkai,545,1489,23.3,84,Sandy clay loam,Organic-rich,Moderate drainage,Narayakodi
Mullaitivu,Welioya,545,1489,23.3,84,Red loam,Slightly acidic,Good drainage,Sreekara
Nuwara Eliya,Ambagamuwa,545,1489,23.3,84,Loamy,Rich in organic matter,Well-drained,Panniyur-1
Nuwara Eliya,Hanguranketha,1276,4168,23.2,69,Sandy clay loam,Organic-rich,Moderate drainage,Narayakodi
Nuwara Eliya,Kothmale,1276,4168,23.2,69,Red loam,Slightly acidic,Good drainage,Sreekara
Nuwara Eliya,Nuwara Eliya,1276,4168,23.2,69,Loamy,Rich in organic matter,Well-drained,Panniyur-1
Nuwara Eliya,Walapane,434,4697,28.2,88,Sandy clay loam,Organic-rich,Moderate drainage,Narayakodi
Polonnaruwa,Dimbulagala,434,4697,28.2,88,Red loam,Slightly acidic,Good drainage,Sreekara
Polonnaruwa,Elahera,434,4697,28.2,88,Loamy,Rich in organic matter,Well-drained,Panniyur-1
Polonnaruwa,Hingurakgoda,1280,3514,28,94,Sandy clay loam,Organic-rich,Moderate drainage,Narayakodi
Polonnaruwa,Lankapura,1280,3514,28,94,Red loam,Slightly acidic,Good drainage,Sreekara
Polonnaruwa,Medirigiriya,1280,3514,28,94,Loamy,Rich in organic matter,Well-drained,Panniyur-1
Polonnaruwa,Thamankaduwa,916,2532,29.4,80,Sandy clay loam,Organic-rich,Moderate drainage,Narayakodi
Polonnaruwa,Welikanda,916,2532,29.4,80,Red loam,Slightly acidic,Good drainage,Sreekara
Puttalam,Anamaduwa,916,2532,29.4,80,Loamy,Rich in organic matter,Well-drained,Panniyur-1
Puttalam,Arachchikattuwa,534,4697,22.9,95,Sandy clay loam,Organic-rich,Moderate drainage,Narayakodi
Puttalam,Chilaw,534,4697,22.9,95,Red loam,Slightly acidic,Good drainage,Sreekara
Puttalam,Dankotuwa,534,4697,22.9,95,Loamy,Rich in organic matter,Well-drained,Panniyur-1
Puttalam,Kalpitiya,517,2086,27.9,65,Sandy clay loam,Organic-rich,Moderate drainage,Narayakodi
Puttalam,Karuwalagaswewa,517,2086,27.9,65,Red loam,Slightly acidic,Good drainage,Sreekara
Puttalam,Mahakumbukkadawala,517,2086,27.9,65,Loamy,Rich in organic matter,Well-drained,Panniyur-1
Puttalam,Mundalama,175,4421,25.1,67,Sandy clay loam,Organic-rich,Moderate drainage,Narayakodi
Puttalam,Nattandiya,175,4421,25.1,67,Red loam,Slightly acidic,Good drainage,Sreekara
Puttalam,Nawagaththegama,175,4421,25.1,67,Loamy,Rich in organic matter,Well-drained,Panniyur-1
Puttalam,Pallama,220,1654,23.1,75,Sandy clay loam,Organic-rich,Moderate drainage,Narayakodi
Puttalam,Puttalam,220,1654,23.1,75,Red loam,Slightly acidic,Good drainage,Sreekara
Puttalam,Vanathavilluwa,220,1654,23.1,75,Loamy,Rich in organic matter,Well-drained,Panniyur-1
Puttalam,Wennappuwa,266,2727,28.2,72,Sandy clay loam,Organic-rich,Moderate drainage,Narayakodi
Ratnapura,Ayagama,266,2727,28.2,72,Red loam,Slightly acidic,Good drainage,Sreekara
Ratnapura,Balangoda,266,2727,28.2,72,Loamy,Rich in organic matter,Well-drained,Panniyur-1
Ratnapura,Eheliyagoda,171,4228,28.2,78,Sandy clay loam,Organic-rich,Moderate drainage,Narayakodi
Ratnapura,Elapatha,171,4228,28.2,78,Red loam,Slightly acidic,Good drainage,Sreekara
Ratnapura,Embilipitiya,171,4228,28.2,78,Loamy,Rich in organic matter,Well-drained,Panniyur-1
Ratnapura,Godakawela,273,3915,24.8,82,Sandy clay loam,Organic-rich,Moderate drainage,Narayakodi
Ratnapura,Imbulpe,273,3915,24.8,82,Red loam,Slightly acidic,Good drainage,Sreekara
Ratnapura,Kalawana,273,3915,24.8,82,Loamy,Rich in organic matter,Well-drained,Panniyur-1
Ratnapura,Kiriella,777,1290,26.1,82,Sandy clay loam,Organic-rich,Moderate drainage,Narayakodi
Ratnapura,Kolonna,777,1290,26.1,82,Red loam,Slightly acidic,Good drainage,Sreekara
Ratnapura,Kuruwita,777,1290,26.1,82,Loamy,Rich in organic matter,Well-drained,Panniyur-1
Ratnapura,Nivithigala,1022,2969,28.4,91,Sandy clay loam,Organic-rich,Moderate drainage,Narayakodi
Ratnapura,Opanayaka,1022,2969,28.4,91,Red loam,Slightly acidic,Good drainage,Sreekara
Ratnapura,Pelmadulla,1022,2969,28.4,91,Loamy,Rich in organic matter,Well-drained,Panniyur-1
Ratnapura,Ratnapura,1088,2544,25.7,78,Sandy clay loam,Organic-rich,Moderate drainage,Narayakodi
Ratnapura,Weligepola,1088,2544,25.7,78,Red loam,Slightly acidic,Good drainage,Sreekara
Trincomalee,Gomarankadawala,1088,2544,25.7,78,Loamy,Rich in organic matter,Well-drained,Panniyur-1
Trincomalee,Kantalai,1357,3109,29.8,69,Sandy clay loam,Organic-rich,Moderate drainage,Narayakodi
Trincomalee,Kinniya,1357,3109,29.8,69,Red loam,Slightly acidic,Good drainage,Sreekara
Trincomalee,Kuchchaveli,1357,3109,29.8,69,Loamy,Rich in organic matter,Well-drained,Panniyur-1
Trincomalee,Morawewa,228,4908,24.8,72,Sandy clay loam,Organic-rich,Moderate drainage,Narayakodi
Trincomalee,Muttur,228,4908,24.8,72,Red loam,Slightly acidic,Good drainage,Sreekara
Trincomalee,Padavi Siripura,228,4908,24.8,72,Loamy,Rich in organic matter,Well-drained,Panniyur-1
Trincomalee,Seruvila,497,1675,27.2,83,Sandy clay loam,Organic-rich,Moderate drainage,Narayakodi
Trincomalee,Thambalagamuwa,497,1675,27.2,83,Red loam,Slightly acidic,Good drainage,Sreekara
Trincomalee,Trincomalee,497,1675,27.2,83,Loamy,Rich in organic matter,Well-drained,Panniyur-1
Trincomalee,Verugal,588,1402,27.4,72,Sandy clay loam,Organic-rich,Moderate drainage,Narayakodi
Vavuniya,Vavuniya,588,1402,27.4,72,Red loam,Slightly acidic,Good drainage,Sreekara
Vavuniya,Vavuniya North,588,1402,27.4,72,Loamy,Rich in organic matter,Well-drained,Panniyur-1
Vavuniya,Vavuniya South,500,4009,27.5,81,Sandy clay loam,Organic-rich,Moderate drainage,Narayakodi
Vavuniya,Venkalacheddikulam,500,4009,27.5,81,Red loam,Slightly acidic,Good drainage,Sreekara
,,500,4009,27.5,81,Loamy,Rich in organic matter,Well-drained,Panniyur-1
,,588,2177,26.8,75,Sandy clay loam,Organic-rich,Moderate drainage,Narayakodi
,,588,2177,26.8,75,Red loam,Slightly acidic,Good drainage,Sreekara
,,588,2177,26.8,75,Loamy,Rich in organic matter,Well-drained,Panniyur-1
,,119,1660,23.4,95,Sandy clay loam,Organic-rich,Moderate drainage,Narayakodi
,,119,1660,23.4,95,Red loam,Slightly acidic,Good drainage,Sreekara
,,119,1660,23.4,95,Loamy,Rich in organic matter,Well-drained,Panniyur-1
,,100,2744,24.1,93,Sandy clay loam,Organic-rich,Moderate drainage,Narayakodi
,,100,2744,24.1,93,Red loam,Slightly acidic,Good drainage,Sreekara
,,100,2744,24.1,93,Loamy,Rich in organic matter,Well-drained,Panniyur-1
,,786,2426,22.4,85,Sandy clay loam,Organic-rich,Moderate drainage,Narayakodi
,,786,2426,22.4,85,Red loam,Slightly acidic,Good drainage,Sreekara
,,786,2426,22.4,85,Loamy,Rich in organic matter,Well-drained,Panniyur-1
,,296,4017,26.2,91,Sandy clay loam,Organic-rich,Moderate drainage,Narayakodi
,,296,4017,26.2,91,Red loam,Slightly acidic,Good drainage,Sreekara
,,296,4017,26.2,91,Loamy,Rich in organic matter,Well-drained,Panniyur-1
,,1084,3845,23,88,Sandy clay loam,Organic-rich,Moderate drainage,Narayakodi
,,1084,3845,23,88,Red loam,Slightly acidic,Good drainage,Sreekara
,,1084,3845,23,88,Loamy,Rich in organic matter,Well-drained,Panniyur-1
,,182,4273,23.9,82,Sandy clay loam,Organic-rich,Moderate drainage,Narayakodi
,,182,4273,23.9,82,Red loam,Slightly acidic,Good drainage,Sreekara
,,182,4273,23.9,82,Loamy,Rich in organic matter,Well-drained,Panniyur-1
,,760,1358,24.9,66,Sandy clay loam,Organic-rich,Moderate drainage,Narayakodi
,,760,1358,24.9,66,Red loam,Slightly acidic,Good drainage,Sreekara
,,760,1358,24.9,66,Loamy,Rich in organic matter,Well-drained,Panniyur-1
,,273,4584,24.8,91,Sandy clay loam,Organic-rich,Moderate drainage,Narayakodi
,,273,4584,24.8,91,Red loam,Slightly acidic,Good drainage,Sreekara
,,273,4584,24.8,91,Loamy,Rich in organic matter,Well-drained,Panniyur-1
,,128,5000,23.4,83,Sandy clay loam,Organic-rich,Moderate drainage,Narayakodi
,,128,5000,23.4,83,Red loam,Slightly acidic,Good drainage,Sreekara
,,128,5000,23.4,83,Loamy,Rich in organic matter,Well-drained,Panniyur-1
,,1014,4290,22.7,88,Sandy clay loam,Organic-rich,Moderate drainage,Narayakodi
,,1014,4290,22.7,88,Red loam,Slightly acidic,Good drainage,Sreekara
,,1014,4290,22.7,88,Loamy,Rich in organic matter,Well-drained,Panniyur-1
,,531,3888,27.3,70,Sandy clay loam,Organic-rich,Moderate drainage,Narayakodi
,,531,3888,27.3,70,Red loam,Slightly acidic,Good drainage,Sreekara
,,531,3888,27.3,70,Loamy,Rich in organic matter,Well-drained,Panniyur-1
,,341,4914,27.2,68,Sandy clay loam,Organic-rich,Moderate drainage,Narayakodi
,,341,4914,27.2,68,Red loam,Slightly acidic,Good drainage,Sreekara
,,341,4914,27.2,68,Loamy,Rich in organic matter,Well-drained,Panniyur-1
,,273,3186,28.9,75,Sandy clay loam,Organic-rich,Moderate drainage,Narayakodi
,,273,3186,28.9,75,Red loam,Slightly acidic,Good drainage,Sreekara
,,273,3186,28.9,75,Loamy,Rich in organic matter,Well-drained,Panniyur-1
,,1216,4118,28.1,91,Sandy clay loam,Organic-rich,Moderate drainage,Narayakodi
,,1216,4118,28.1,91,Red loam,Slightly acidic,Good drainage,Sreekara
,,1216,4118,28.1,91,Loamy,Rich in organic matter,Well-drained,Panniyur-1
,,1270,1956,28.7,87,Sandy clay loam,Organic-rich,Moderate drainage,Narayakodi
,,1270,1956,28.7,87,Red loam,Slightly acidic,Good drainage,Sreekara
,,1270,1956,28.7,87,Loamy,Rich in organic matter,Well-drained,Panniyur-1
,,736,1394,22.9,88,Sandy clay loam,Organic-rich,Moderate drainage,Narayakodi
,,736,1394,22.9,88,Red loam,Slightly acidic,Good drainage,Sreekara
,,736,1394,22.9,88,Loamy,Rich in organic matter,Well-drained,Panniyur-1
,,348,3570,25.9,64,Sandy clay loam,Organic-rich,Moderate drainage,Narayakodi
,,348,3570,25.9,64,Red loam,Slightly acidic,Good drainage,Sreekara
,,348,3570,25.9,64,Loamy,Rich in organic matter,Well-drained,Panniyur-1
,,169,3250,29.2,78,Sandy clay loam,Organic-rich,Moderate drainage,Narayakodi
,,169,3250,29.2,78,Red loam,Slightly acidic,Good drainage,Sreekara
,,169,3250,29.2,78,Loamy,Rich in organic matter,Well-drained,Panniyur-1
,,789,3627,22.7,67,Sandy clay loam,Organic-rich,Moderate drainage,Narayakodi
,,789,3627,22.7,67,Red loam,Slightly acidic,Good drainage,Sreekara
,,789,3627,22.7,67,Loamy,Rich in organic matter,Well-drained,Panniyur-1
,,18,4558,24.5,70,Sandy clay loam,Organic-rich,Moderate drainage,Narayakodi
,,18,4558,24.5,70,Red loam,Slightly acidic,Good drainage,Sreekara
,,18,4558,24.5,70,Loamy,Rich in organic matter,Well-drained,Panniyur-1
,,386,2710,25.3,74,Sandy clay loam,Organic-rich,Moderate drainage,Narayakodi
,,386,2710,25.3,74,Red loam,Slightly acidic,Good drainage,Sreekara
,,386,2710,25.3,74,Loamy,Rich in organic matter,Well-drained,Panniyur-1
,,33,4740,24.4,76,Sandy clay loam,Organic-rich,Moderate drainage,Narayakodi
,,33,4740,24.4,76,Red loam,Slightly acidic,Good drainage,Sreekara
,,33,4740,24.4,76,Loamy,Rich in organic matter,Well-drained,Panniyur-1
,,756,2265,28.6,89,Sandy clay loam,Organic-rich,Moderate drainage,Narayakodi
,,756,2265,28.6,89,Red loam,Slightly acidic,Good drainage,Sreekara
,,756,2265,28.6,89,Loamy,Rich in organic matter,Well-drained,Panniyur-1
,,768,1771,29.9,60,Sandy clay loam,Organic-rich,Moderate drainage,Narayakodi
,,768,1771,29.9,60,Red loam,Slightly acidic,Good drainage,Sreekara
,,768,1771,29.9,60,Loamy,Rich in organic matter,Well-drained,Panniyur-1
,,1210,2285,29,92,Sandy clay loam,Organic-rich,Moderate drainage,Narayakodi
,,1210,2285,29,92,Red loam,Slightly acidic,Good drainage,Sreekara
,,1210,2285,29,92,Loamy,Rich in organic matter,Well-drained,Panniyur-1
,,1170,3113,24.8,79,Sandy clay loam,Organic-rich,Moderate drainage,Narayakodi
,,1170,3113,24.8,79,Red loam,Slightly acidic,Good drainage,Sreekara
,,1170,3113,24.8,79,Loamy,Rich in organic matter,Well-drained,Panniyur-1
,,1085,2599,22.5,82,Sandy clay loam,Organic-rich,Moderate drainage,Narayakodi
,,1085,2599,22.5,82,Red loam,Slightly acidic,Good drainage,Sreekara
,,1085,2599,22.5,82,Loamy,Rich in organic matter,Well-drained,Panniyur-1
,,538,4557,23,84,Sandy clay loam,Organic-rich,Moderate drainage,Narayakodi
,,538,4557,23,84,Red loam,Slightly acidic,Good drainage,Sreekara
,,538,4557,23,84,Loamy,Rich in organic matter,Well-drained,Panniyur-1
,,1316,4159,28.3,76,Sandy clay loam,Organic-rich,Moderate drainage,Narayakodi
,,1316,4159,28.3,76,Red loam,Slightly acidic,Good drainage,Sreekara
,,1316,4159,28.3,76,Loamy,Rich in organic matter,Well-drained,Panniyur-1
,,427,3257,25.6,74,Sandy clay loam,Organic-rich,Moderate drainage,Narayakodi
,,427,3257,25.6,74,Red loam,Slightly acidic,Good drainage,Sreekara
,,427,3257,25.6,74,Loamy,Rich in organic matter,Well-drained,Panniyur-1
,,319,4995,27.4,94,Sandy clay loam,Organic-rich,Moderate drainage,Narayakodi
,,319,4995,27.4,94,Red loam,Slightly acidic,Good drainage,Sreekara
,,319,4995,27.4,94,Loamy,Rich in organic matter,Well-drained,Panniyur-1
,,900,1705,25.7,79,Sandy clay loam,Organic-rich,Moderate drainage,Narayakodi
,,900,1705,25.7,79,Red loam,Slightly acidic,Good drainage,Sreekara
,,900,1705,25.7,79,Loamy,Rich in organic matter,Well-drained,Panniyur-1
,,589,3123,29.4,60,Sandy clay loam,Organic-rich,Moderate drainage,Narayakodi
,,589,3123,29.4,60,Red loam,Slightly acidic,Good drainage,Sreekara
,,589,3123,29.4,60,Loamy,Rich in organic matter,Well-drained,Panniyur-1
,,223,2072,29.3,60,Sandy clay loam,Organic-rich,Moderate drainage,Narayakodi
,,223,2072,29.3,60,Red loam,Slightly acidic,Good drainage,Sreekara
,,223,2072,29.3,60,Loamy,Rich in organic matter,Well-drained,Panniyur-1
,,434,2495,27.1,66,Sandy clay loam,Organic-rich,Moderate drainage,Narayakodi
,,434,2495,27.1,66,Red loam,Slightly acidic,Good drainage,Sreekara
,,434,2495,27.1,66,Loamy,Rich in organic matter,Well-drained,Panniyur-1
,,1362,3357,28.7,62,Sandy clay loam,Organic-rich,Moderate drainage,Narayakodi
,,1362,3357,28.7,62,Red loam,Slightly acidic,Good drainage,Sreekara
,,1362,3357,28.7,62,Loamy,Rich in organic matter,Well-drained,Panniyur-1
,,57,3557,27.6,73,Sandy clay loam,Organic-rich,Moderate drainage,Narayakodi
,,57,3557,27.6,73,Red loam,Slightly acidic,Good drainage,Sreekara
,,57,3557,27.6,73,Loamy,Rich in organic matter,Well-drained,Panniyur-1
,,1183,1462,24.9,92,Sandy clay loam,Organic-rich,Moderate drainage,Narayakodi
,,1183,1462,24.9,92,Red loam,Slightly acidic,Good drainage,Sreekara
,,1183,1462,24.9,92,Loamy,Rich in organic matter,Well-drained,Panniyur-1
,,1494,3356,27,78,Sandy clay loam,Organic-rich,Moderate drainage,Narayakodi
,,1494,3356,27,78,Red loam,Slightly acidic,Good drainage,Sreekara
,,1494,3356,27,78,Loamy,Rich in organic matter,Well-drained,Panniyur-1
,,349,3721,22.6,81,Sandy clay loam,Organic-rich,Moderate drainage,Narayakodi
,,349,3721,22.6,81,Red loam,Slightly acidic,Good drainage,Sreekara
,,349,3721,22.6,81,Loamy,Rich in organic matter,Well-drained,Panniyur-1
,,44,4105,25.3,78,Sandy clay loam,Organic-rich,Moderate drainage,Narayakodi
,,44,4105,25.3,78,Red loam,Slightly acidic,Good drainage,Sreekara
,,44,4105,25.3,78,Loamy,Rich in organic matter,Well-drained,Panniyur-1
,,963,2777,29.5,92,Sandy clay loam,Organic-rich,Moderate drainage,Narayakodi
,,963,2777,29.5,92,Red loam,Slightly acidic,Good drainage,Sreekara
,,963,2777,29.5,92,Loamy,Rich in organic matter,Well-drained,Panniyur-1
,,1253,1985,26.9,85,Sandy clay loam,Organic-rich,Moderate drainage,Narayakodi
,,1253,1985,26.9,85,Red loam,Slightly acidic,Good drainage,Sreekara
,,1253,1985,26.9,85,Loamy,Rich in organic matter,Well-drained,Panniyur-1
,,1321,4489,23.7,67,Sandy clay loam,Organic-rich,Moderate drainage,Narayakodi
,,1321,4489,23.7,67,Red loam,Slightly acidic,Good drainage,Sreekara
,,1321,4489,23.7,67,Loamy,Rich in organic matter,Well-drained,Panniyur-1
,,551,2087,22.7,92,Sandy clay loam,Organic-rich,Moderate drainage,Narayakodi
,,551,2087,22.7,92,Red loam,Slightly acidic,Good drainage,Sreekara
,,551,2087,22.7,92,Loamy,Rich in organic matter,Well-drained,Panniyur-1
,,863,2955,24.7,74,Sandy clay loam,Organic-rich,Moderate drainage,Narayakodi
,,863,2955,24.7,74,Red loam,Slightly acidic,Good drainage,Sreekara
,,863,2955,24.7,74,Loamy,Rich in organic matter,Well-drained,Panniyur-1
,,170,2780,26.7,65,Sandy clay loam,Organic-rich,Moderate drainage,Narayakodi
,,170,2780,26.7,65,Red loam,Slightly acidic,Good drainage,Sreekara
,,170,2780,26.7,65,Loamy,Rich in organic matter,Well-drained,Panniyur-1
,,300,1587,26.5,69,Sandy clay loam,Organic-rich,Moderate drainage,Narayakodi
,,300,1587,26.5,69,Red loam,Slightly acidic,Good drainage,Sreekara
,,300,1587,26.5,69,Loamy,Rich in organic matter,Well-drained,Panniyur-1
,,599,1636,28.7,84,Sandy clay loam,Organic-rich,Moderate drainage,Narayakodi
,,599,1636,28.7,84,Red loam,Slightly acidic,Good drainage,Sreekara
,,599,1636,28.7,84,Loamy,Rich in organic matter,Well-drained,Panniyur-1
,,599,2604,22.1,92,Sandy clay loam,Organic-rich,Moderate drainage,Narayakodi
,,599,2604,22.1,92,Red loam,Slightly acidic,Good drainage,Sreekara
,,599,2604,22.1,92,Loamy,Rich in organic matter,Well-drained,Panniyur-1
,,483,2600,25.1,64,Sandy clay loam,Organic-rich,Moderate drainage,Narayakodi
,,483,2600,25.1,64,Red loam,Slightly acidic,Good drainage,Sreekara
,,483,2600,25.1,64,Loamy,Rich in organic matter,Well-drained,Panniyur-1
,,443,2726,27.6,94,Sandy clay loam,Organic-rich,Moderate drainage,Narayakodi
,,443,2726,27.6,94,Red loam,Slightly acidic,Good drainage,Sreekara
,,443,2726,27.6,94,Loamy,Rich in organic matter,Well-drained,Panniyur-1
,,626,3862,23.3,69,Sandy clay loam,Organic-rich,Moderate drainage,Narayakodi
,,626,3862,23.3,69,Red loam,Slightly acidic,Good drainage,Sreekara
,,626,3862,23.3,69,Loamy,Rich in organic matter,Well-drained,Panniyur-1
,,1335,3034,28,82,Sandy clay loam,Organic-rich,Moderate drainage,Narayakodi
,,1335,3034,28,82,Red loam,Slightly acidic,Good drainage,Sreekara
,,1335,3034,28,82,Loamy,Rich in organic matter,Well-drained,Panniyur-1
,,932,2887,22.6,92,Sandy clay loam,Organic-rich,Moderate drainage,Narayakodi
,,932,2887,22.6,92,Red loam,Slightly acidic,Good drainage,Sreekara
,,932,2887,22.6,92,Loamy,Rich in organic matter,Well-drained,Panniyur-1
,,367,4812,27,74,Sandy clay loam,Organic-rich,Moderate drainage,Narayakodi
,,367,4812,27,74,Red loam,Slightly acidic,Good drainage,Sreekara
,,367,4812,27,74,Loamy,Rich in organic matter,Well-drained,Panniyur-1
,,1156,1636,25.2,67,Sandy clay loam,Organic-rich,Moderate drainage,Narayakodi
,,1156,1636,25.2,67,Red loam,Slightly acidic,Good drainage,Sreekara
,,1156,1636,25.2,67,Loamy,Rich in organic matter,Well-drained,Panniyur-1
,,1484,1531,25.9,76,Sandy clay loam,Organic-rich,Moderate drainage,Narayakodi
,,1484,1531,25.9,76,Red loam,Slightly acidic,Good drainage,Sreekara
,,1484,1531,25.9,76,Loamy,Rich in organic matter,Well-drained,Panniyur-1
,,456,3567,28.8,90,Sandy clay loam,Organic-rich,Moderate drainage,Narayakodi
,,456,3567,28.8,90,Red loam,Slightly acidic,Good drainage,Sreekara
,,456,3567,28.8,90,Loamy,Rich in organic matter,Well-drained,Panniyur-1
,,792,2516,23.9,89,Sandy clay loam,Organic-rich,Moderate drainage,Narayakodi
,,792,2516,23.9,89,Red loam,Slightly acidic,Good drainage,Sreekara
,,792,2516,23.9,89,Loamy,Rich in organic matter,Well-drained,Panniyur-1
,,674,4017,29.8,80,Sandy clay loam,Organic-rich,Moderate drainage,Narayakodi
,,674,4017,29.8,80,Red loam,Slightly acidic,Good drainage,Sreekara
,,674,4017,29.8,80,Loamy,Rich in organic matter,Well-drained,Panniyur-1
,,434,2303,22.5,90,Sandy clay loam,Organic-rich,Moderate drainage,Narayakodi
,,434,2303,22.5,90,Red loam,Slightly acidic,Good drainage,Sreekara
,,434,2303,22.5,90,Loamy,Rich in organic matter,Well-drained,Panniyur-1
,,834,1548,22.6,81,Sandy clay loam,Organic-rich,Moderate drainage,Narayakodi
,,834,1548,22.6,81,Red loam,Slightly acidic,Good drainage,Sreekara
,,834,1548,22.6,81,Loamy,Rich in organic matter,Well-drained,Panniyur-1
,,177,4500,27.3,82,Sandy clay loam,Organic-rich,Moderate drainage,Narayakodi
,,177,4500,27.3,82,Red loam,Slightly acidic,Good drainage,Sreekara
,,177,4500,27.3,82,Loamy,Rich in organic matter,Well-drained,Panniyur-1
,,815,4502,23.4,66,Sandy clay loam,Organic-rich,Moderate drainage,Narayakodi
,,815,4502,23.4,66,Red loam,Slightly acidic,Good drainage,Sreekara
,,815,4502,23.4,66,Loamy,Rich in organic matter,Well-drained,Panniyur-1
,,733,4784,22.2,90,Sandy clay loam,Organic-rich,Moderate drainage,Narayakodi
,,733,4784,22.2,90,Red loam,Slightly acidic,Good drainage,Sreekara
,,733,4784,22.2,90,Loamy,Rich in organic matter,Well-drained,Panniyur-1
,,559,3080,27.3,73,Sandy clay loam,Organic-rich,Moderate drainage,Narayakodi
,,559,3080,27.3,73,Red loam,Slightly acidic,Good drainage,Sreekara
,,559,3080,27.3,73,Loamy,Rich in organic matter,Well-drained,Panniyur-1
,,197,4435,22.5,68,Sandy clay loam,Organic-rich,Moderate drainage,Narayakodi
,,197,4435,22.5,68,Red loam,Slightly acidic,Good drainage,Sreekara
,,197,4435,22.5,68,Loamy,Rich in organic matter,Well-drained,Panniyur-1
,,328,1280,26.4,60,Sandy clay loam,Organic-rich,Moderate drainage,Narayakodi
,,328,1280,26.4,60,Red loam,Slightly acidic,Good drainage,Sreekara
,,328,1280,26.4,60,Loamy,Rich in organic matter,Well-drained,Panniyur-1
,,174,4168,26.1,71,Sandy clay loam,Organic-rich,Moderate drainage,Narayakodi
,,174,4168,26.1,71,Red loam,Slightly acidic,Good drainage,Sreekara
,,174,4168,26.1,71,Loamy,Rich in organic matter,Well-drained,Panniyur-1
,,623,1854,27,80,Sandy clay loam,Organic-rich,Moderate drainage,Narayakodi
,,623,1854,27,80,Red loam,Slightly acidic,Good drainage,Sreekara
,,623,1854,27,80,Loamy,Rich in organic matter,Well-drained,Panniyur-1
,,392,4342,25.8,80,Sandy clay loam,Organic-rich,Moderate drainage,Narayakodi
,,392,4342,25.8,80,Red loam,Slightly acidic,Good drainage,Sreekara
,,392,4342,25.8,80,Loamy,Rich in organic matter,Well-drained,Panniyur-1
,,1075,3151,25.7,84,Sandy clay loam,Organic-rich,Moderate drainage,Narayakodi
,,1075,3151,25.7,84,Red loam,Slightly acidic,Good drainage,Sreekara
,,1075,3151,25.7,84,Loamy,Rich in organic matter,Well-drained,Panniyur-1
,,940,3197,25.9,69,Sandy clay loam,Organic-rich,Moderate drainage,Narayakodi
,,940,3197,25.9,69,Red loam,Slightly acidic,Good drainage,Sreekara
,,940,3197,25.9,69,Loamy,Rich in organic matter,Well-drained,Panniyur-1
,,1357,2679,29.4,61,Sandy clay loam,Organic-rich,Moderate drainage,Narayakodi
,,1357,2679,29.4,61,Red loam,Slightly acidic,Good drainage,Sreekara
,,1357,2679,29.4,61,Loamy,Rich in organic matter,Well-drained,Panniyur-1
,,277,3475,22.6,78,Sandy clay loam,Organic-rich,Moderate drainage,Narayakodi
,,277,3475,22.6,78,Red loam,Slightly acidic,Good drainage,Sreekara
,,277,3475,22.6,78,Loamy,Rich in organic matter,Well-drained,Panniyur-1
,,265,3771,24,84,Sandy clay loam,Organic-rich,Moderate drainage,Narayakodi
,,265,3771,24,84,Red loam,Slightly acidic,Good drainage,Sreekara
,,265,3771,24,84,Loamy,Rich in organic matter,Well-drained,Panniyur-1
,,1466,4326,25.6,74,Sandy clay loam,Organic-rich,Moderate drainage,Narayakodi
,,1466,4326,25.6,74,Red loam,Slightly acidic,Good drainage,Sreekara
,,1466,4326,25.6,74,Loamy,Rich in organic matter,Well-drained,Panniyur-1
,,1180,3681,27.9,67,Sandy clay loam,Organic-rich,Moderate drainage,Narayakodi
,,1180,3681,27.9,67,Red loam,Slightly acidic,Good drainage,Sreekara
,,1180,3681,27.9,67,Loamy,Rich in organic matter,Well-drained,Panniyur-1
,,1164,4769,29,90,Sandy clay loam,Organic-rich,Moderate drainage,Narayakodi
,,1164,4769,29,90,Red loam,Slightly acidic,Good drainage,Sreekara
,,1164,4769,29,90,Loamy,Rich in organic matter,Well-drained,Panniyur-1
,,802,4857,24.7,79,Sandy clay loam,Organic-rich,Moderate drainage,Narayakodi
,,802,4857,24.7,79,Red loam,Slightly acidic,Good drainage,Sreekara
,,802,4857,24.7,79,Loamy,Rich in organic matter,Well-drained,Panniyur-1
,,653,1319,25.7,63,Sandy clay loam,Organic-rich,Moderate drainage,Narayakodi
,,653,1319,25.7,63,Red loam,Slightly acidic,Good drainage,Sreekara
,,653,1319,25.7,63,Loamy,Rich in organic matter,Well-drained,Panniyur-1
,,407,3855,26.7,70,Sandy clay loam,Organic-rich,Moderate drainage,Narayakodi
,,407,3855,26.7,70,Red loam,Slightly acidic,Good drainage,Sreekara
,,407,3855,26.7,70,Loamy,Rich in organic matter,Well-drained,Panniyur-1
,,44,2275,29.8,90,Sandy clay loam,Organic-rich,Moderate drainage,Narayakodi
,,44,2275,29.8,90,Red loam,Slightly acidic,Good drainage,Sreekara
,,44,2275,29.8,90,Loamy,Rich in organic matter,Well-drained,Panniyur-1
,,1270,2462,27.3,68,Sandy clay loam,Organic-rich,Moderate drainage,Narayakodi
,,1270,2462,27.3,68,Red loam,Slightly acidic,Good drainage,Sreekara
,,1270,2462,27.3,68,Loamy,Rich in organic matter,Well-drained,Panniyur-1
,,1450,3375,22.8,68,Sandy clay loam,Organic-rich,Moderate drainage,Narayakodi
,,1450,3375,22.8,68,Red loam,Slightly acidic,Good drainage,Sreekara
,,1450,3375,22.8,68,Loamy,Rich in organic matter,Well-drained,Panniyur-1
,,328,1618,26.9,74,Sandy clay loam,Organic-rich,Moderate drainage,Narayakodi
,,328,1618,26.9,74,Red loam,Slightly acidic,Good drainage,Sreekara
,,328,1618,26.9,74,Loamy,Rich in organic matter,Well-drained,Panniyur-1
,,1194,1789,22.7,73,Sandy clay loam,Organic-rich,Moderate drainage,Narayakodi
,,1194,1789,22.7,73,Red loam,Slightly acidic,Good drainage,Sreekara
,,1194,1789,22.7,73,Loamy,Rich in organic matter,Well-drained,Panniyur-1
,,1333,2250,23.1,85,Sandy clay loam,Organic-rich,Moderate drainage,Narayakodi
,,1333,2250,23.1,85,Red loam,Slightly acidic,Good drainage,Sreekara
,,1333,2250,23.1,85,Loamy,Rich in organic matter,Well-drained,Panniyur-1
,,1399,1751,27.4,78,Sandy clay loam,Organic-rich,Moderate drainage,Narayakodi
,,1399,1751,27.4,78,Red loam,Slightly acidic,Good drainage,Sreekara
,,1399,1751,27.4,78,Loamy,Rich in organic matter,Well-drained,Panniyur-1
,,941,2776,25.3,76,Sandy clay loam,Organic-rich,Moderate drainage,Narayakodi
,,941,2776,25.3,76,Red loam,Slightly acidic,Good drainage,Sreekara
,,941,2776,25.3,76,Loamy,Rich in organic matter,Well-drained,Panniyur-1
,,232,4690,29.7,80,Sandy clay loam,Organic-rich,Moderate drainage,Narayakodi
,,232,4690,29.7,80,Red loam,Slightly acidic,Good drainage,Sreekara
,,232,4690,29.7,80,Loamy,Rich in organic matter,Well-drained,Panniyur-1
,,742,3740,27,66,Sandy clay loam,Organic-rich,Moderate drainage,Narayakodi
,,742,3740,27,66,Red loam,Slightly acidic,Good drainage,Sreekara
,,742,3740,27,66,Loamy,Rich in organic matter,Well-drained,Panniyur-1
,,908,2948,28.1,61,Sandy clay loam,Organic-rich,Moderate drainage,Narayakodi
,,908,2948,28.1,61,Red loam,Slightly acidic,Good drainage,Sreekara
,,908,2948,28.1,61,Loamy,Rich in organic matter,Well-drained,Panniyur-1
,,1273,4064,26.5,64,Sandy clay loam,Organic-rich,Moderate drainage,Narayakodi
,,1273,4064,26.5,64,Red loam,Slightly acidic,Good drainage,Sreekara
,,1273,4064,26.5,64,Loamy,Rich in organic matter,Well-drained,Panniyur-1
,,1472,2473,29.9,77,Sandy clay loam,Organic-rich,Moderate drainage,Narayakodi
,,1472,2473,29.9,77,Red loam,Slightly acidic,Good drainage,Sreekara
,,1472,2473,29.9,77,Loamy,Rich in organic matter,Well-drained,Panniyur-1
,,1056,4106,23.8,64,Sandy clay loam,Organic-rich,Moderate drainage,Narayakodi
,,1056,4106,23.8,64,Red loam,Slightly acidic,Good drainage,Sreekara
,,1056,4106,23.8,64,Loamy,Rich in organic matter,Well-drained,Panniyur-1
,,636,3319,26.7,68,Sandy clay loam,Organic-rich,Moderate drainage,Narayakodi
,,636,3319,26.7,68,Red loam,Slightly acidic,Good drainage,Sreekara
,,636,3319,26.7,68,Loamy,Rich in organic matter,Well-drained,Panniyur-1
,,1357,4359,23.1,81,Sandy clay loam,Organic-rich,Moderate drainage,Narayakodi
,,1357,4359,23.1,81,Red loam,Slightly acidic,Good drainage,Sreekara
,,1357,4359,23.1,81,Loamy,Rich in organic matter,Well-drained,Panniyur-1
,,671,4168,25.7,76,Sandy clay loam,Organic-rich,Moderate drainage,Narayakodi
,,671,4168,25.7,76,Red loam,Slightly acidic,Good drainage,Sreekara
,,671,4168,25.7,76,Loamy,Rich in organic matter,Well-drained,Panniyur-1
,,1140,3694,29.6,81,Sandy clay loam,Organic-rich,Moderate drainage,Narayakodi
,,1140,3694,29.6,81,Red loam,Slightly acidic,Good drainage,Sreekara
,,1140,3694,29.6,81,Loamy,Rich in organic matter,Well-drained,Panniyur-1
,,599,4367,29.2,71,Sandy clay loam,Organic-rich,Moderate drainage,Narayakodi
,,599,4367,29.2,71,Red loam,Slightly acidic,Good drainage,Sreekara
,,599,4367,29.2,71,Loamy,Rich in organic matter,Well-drained,Panniyur-1
,,545,2043,22.2,84,Sandy clay loam,Organic-rich,Moderate drainage,Narayakodi
,,545,2043,22.2,84,Red loam,Slightly acidic,Good drainage,Sreekara
,,545,2043,22.2,84,Loamy,Rich in organic matter,Well-drained,Panniyur-1
,,1214,2101,28.2,65,Sandy clay loam,Organic-rich,Moderate drainage,Narayakodi
,,1214,2101,28.2,65,Red loam,Slightly acidic,Good drainage,Sreekara
,,1214,2101,28.2,65,Loamy,Rich in organic matter,Well-drained,Panniyur-1
,,882,4394,26.2,82,Sandy clay loam,Organic-rich,Moderate drainage,Narayakodi
,,882,4394,26.2,82,Red loam,Slightly acidic,Good drainage,Sreekara
,,882,4394,26.2,82,Loamy,Rich in organic matter,Well-drained,Panniyur-1
,,575,3192,29,68,Sandy clay loam,Organic-rich,Moderate drainage,Narayakodi
,,575,3192,29,68,Red loam,Slightly acidic,Good drainage,Sreekara
,,575,3192,29,68,Loamy,Rich in organic matter,Well-drained,Panniyur-1
,,404,3909,25.3,76,Sandy clay loam,Organic-rich,Moderate drainage,Narayakodi
,,404,3909,25.3,76,Red loam,Slightly acidic,Good drainage,Sreekara
,,404,3909,25.3,76,Loamy,Rich in organic matter,Well-drained,Panniyur-1
,,824,2390,22.5,62,Sandy clay loam,Organic-rich,Moderate drainage,Narayakodi
,,824,2390,22.5,62,Red loam,Slightly acidic,Good drainage,Sreekara
,,824,2390,22.5,62,Loamy,Rich in organic matter,Well-drained,Panniyur-1
,,755,1834,22.5,77,Sandy clay loam,Organic-rich,Moderate drainage,Narayakodi
,,755,1834,22.5,77,Red loam,Slightly acidic,Good drainage,Sreekara
,,755,1834,22.5,77,Loamy,Rich in organic matter,Well-drained,Panniyur-1
,,1345,2721,24.2,74,Sandy clay loam,Organic-rich,Moderate drainage,Narayakodi
,,1345,2721,24.2,74,Red loam,Slightly acidic,Good drainage,Sreekara
,,1345,2721,24.2,74,Loamy,Rich in organic matter,Well-drained,Panniyur-1
,,114,2835,27.4,87,Sandy clay loam,Organic-rich,Moderate drainage,Narayakodi
,,114,2835,27.4,87,Red loam,Slightly acidic,Good drainage,Sreekara
,,114,2835,27.4,87,Loamy,Rich in organic matter,Well-drained,Panniyur-1
,,774,3627,22.1,89,Sandy clay loam,Organic-rich,Moderate drainage,Narayakodi
,,774,3627,22.1,89,Red loam,Slightly acidic,Good drainage,Sreekara
,,774,3627,22.1,89,Loamy,Rich in organic matter,Well-drained,Panniyur-1
,,1201,3239,22.6,63,Sandy clay loam,Organic-rich,Moderate drainage,Narayakodi
,,1201,3239,22.6,63,Red loam,Slightly acidic,Good drainage,Sreekara
,,1201,3239,22.6,63,Loamy,Rich in organic matter,Well-drained,Panniyur-1
,,234,4870,26,68,Sandy clay loam,Organic-rich,Moderate drainage,Narayakodi
,,234,4870,26,68,Red loam,Slightly acidic,Good drainage,Sreekara
,,234,4870,26,68,Loamy,Rich in organic matter,Well-drained,Panniyur-1
,,626,4790,25.4,87,Sandy clay loam,Organic-rich,Moderate drainage,Narayakodi
,,626,4790,25.4,87,Red loam,Slightly acidic,Good drainage,Sreekara
,,626,4790,25.4,87,Loamy,Rich in organic matter,Well-drained,Panniyur-1
,,418,3101,27,69,Sandy clay loam,Organic-rich,Moderate drainage,Narayakodi
,,418,3101,27,69,Red loam,Slightly acidic,Good drainage,Sreekara
,,418,3101,27,69,Loamy,Rich in organic matter,Well-drained,Panniyur-1
,,835,2409,23.5,71,Sandy clay loam,Organic-rich,Moderate drainage,Narayakodi
,,835,2409,23.5,71,Red loam,Slightly acidic,Good drainage,Sreekara
,,835,2409,23.5,71,Loamy,Rich in organic matter,Well-drained,Panniyur-1
,,235,3431,29.5,83,Sandy clay loam,Organic-rich,Moderate drainage,Narayakodi
,,235,3431,29.5,83,Red loam,Slightly acidic,Good drainage,Sreekara
,,235,3431,29.5,83,Loamy,Rich in organic matter,Well-drained,Panniyur-1
,,730,3931,26,60,Sandy clay loam,Organic-rich,Moderate drainage,Narayakodi
,,730,3931,26,60,Red loam,Slightly acidic,Good drainage,Sreekara
,,730,3931,26,60,Loamy,Rich in organic matter,Well-drained,Panniyur-1
,,253,3235,27.4,85,Sandy clay loam,Organic-rich,Moderate drainage,Narayakodi
,,253,3235,27.4,85,Red loam,Slightly acidic,Good drainage,Sreekara
,,253,3235,27.4,85,Loamy,Rich in organic matter,Well-drained,Panniyur-1
,,394,2705,22.4,66,Sandy clay loam,Organic-rich,Moderate drainage,Narayakodi
,,394,2705,22.4,66,Red loam,Slightly acidic,Good drainage,Sreekara
,,394,2705,22.4,66,Loamy,Rich in organic matter,Well-drained,Panniyur-1
,,947,3900,29.9,70,Sandy clay loam,Organic-rich,Moderate drainage,Narayakodi
,,947,3900,29.9,70,Red loam,Slightly acidic,Good drainage,Sreekara
,,947,3900,29.9,70,Loamy,Rich in organic matter,Well-drained,Panniyur-1
,,19,4065,29.7,66,Sandy clay loam,Organic-rich,Moderate drainage,Narayakodi
,,19,4065,29.7,66,Red loam,Slightly acidic,Good drainage,Sreekara
,,19,4065,29.7,66,Loamy,Rich in organic matter,Well-drained,Panniyur-1
,,146,3680,26,89,Sandy clay loam,Organic-rich,Moderate drainage,Narayakodi
,,146,3680,26,89,Red loam,Slightly acidic,Good drainage,Sreekara
,,146,3680,26,89,Loamy,Rich in organic matter,Well-drained,Panniyur-1
,,450,3661,22.7,95,Sandy clay loam,Organic-rich,Moderate drainage,Narayakodi
,,450,3661,22.7,95,Red loam,Slightly acidic,Good drainage,Sreekara
,,450,3661,22.7,95,Loamy,Rich in organic matter,Well-drained,Panniyur-1
,,962,2978,25,88,Sandy clay loam,Organic-rich,Moderate drainage,Narayakodi
,,962,2978,25,88,Red loam,Slightly acidic,Good drainage,Sreekara
,,962,2978,25,88,Loamy,Rich in organic matter,Well-drained,Panniyur-1
,,1007,1819,24.4,69,Sandy clay loam,Organic-rich,Moderate drainage,Narayakodi
,,1007,1819,24.4,69,Red loam,Slightly acidic,Good drainage,Sreekara
,,1007,1819,24.4,69,Loamy,Rich in organic matter,Well-drained,Panniyur-1
,,1171,4754,27,85,Sandy clay loam,Organic-rich,Moderate drainage,Narayakodi
,,1171,4754,27,85,Red loam,Slightly acidic,Good drainage,Sreekara
,,1171,4754,27,85,Loamy,Rich in organic matter,Well-drained,Panniyur-1
,,351,2764,28.7,72,Sandy clay loam,Organic-rich,Moderate drainage,Narayakodi
,,351,2764,28.7,72,Red loam,Slightly acidic,Good drainage,Sreekara
,,351,2764,28.7,72,Loamy,Rich in organic matter,Well-drained,Panniyur-1
,,79,2127,28.5,91,Sandy clay loam,Organic-rich,Moderate drainage,Narayakodi
,,79,2127,28.5,91,Red loam,Slightly acidic,Good drainage,Sreekara
,,79,2127,28.5,91,Loamy,Rich in organic matter,Well-drained,Panniyur-1
,,925,2355,24,76,Sandy clay loam,Organic-rich,Moderate drainage,Narayakodi
,,925,2355,24,76,Red loam,Slightly acidic,Good drainage,Sreekara
,,925,2355,24,76,Loamy,Rich in organic matter,Well-drained,Panniyur-1
,,1022,2471,29,75,Sandy clay loam,Organic-rich,Moderate drainage,Narayakodi
,,1022,2471,29,75,Red loam,Slightly acidic,Good drainage,Sreekara
,,1022,2471,29,75,Loamy,Rich in organic matter,Well-drained,Panniyur-1
,,423,1727,29,88,Sandy clay loam,Organic-rich,Moderate drainage,Narayakodi
,,423,1727,29,88,Red loam,Slightly acidic,Good drainage,Sreekara
,,423,1727,29,88,Loamy,Rich in organic matter,Well-drained,Panniyur-1
,,283,1287,26.7,87,Sandy clay loam,Organic-rich,Moderate drainage,Narayakodi
,,283,1287,26.7,87,Red loam,Slightly acidic,Good drainage,Sreekara
,,283,1287,26.7,87,Loamy,Rich in organic matter,Well-drained,Panniyur-1
,,1469,1518,22.6,76,Sandy clay loam,Organic-rich,Moderate drainage,Narayakodi
,,1469,1518,22.6,76,Red loam,Slightly acidic,Good drainage,Sreekara
,,1469,1518,22.6,76,Loamy,Rich in organic matter,Well-drained,Panniyur-1
,,1388,2387,27.3,70,Sandy clay loam,Organic-rich,Moderate drainage,Narayakodi
,,1388,2387,27.3,70,Red loam,Slightly acidic,Good drainage,Sreekara
,,1388,2387,27.3,70,Loamy,Rich in organic matter,Well-drained,Panniyur-1
,,462,4301,27.1,80,Sandy clay loam,Organic-rich,Moderate drainage,Narayakodi
,,462,4301,27.1,80,Red loam,Slightly acidic,Good drainage,Sreekara
,,462,4301,27.1,80,Loamy,Rich in organic matter,Well-drained,Panniyur-1
,,623,1948,23.1,75,Sandy clay loam,Organic-rich,Moderate drainage,Narayakodi
,,623,1948,23.1,75,Red loam,Slightly acidic,Good drainage,Sreekara
,,623,1948,23.1,75,Loamy,Rich in organic matter,Well-drained,Panniyur-1
,,237,3637,29.2,87,Sandy clay loam,Organic-rich,Moderate drainage,Narayakodi
,,237,3637,29.2,87,Red loam,Slightly acidic,Good drainage,Sreekara
,,237,3637,29.2,87,Loamy,Rich in organic matter,Well-drained,Panniyur-1
,,1013,1447,22.5,83,Sandy clay loam,Organic-rich,Moderate drainage,Narayakodi
,,1013,1447,22.5,83,Red loam,Slightly acidic,Good drainage,Sreekara
,,1013,1447,22.5,83,Loamy,Rich in organic matter,Well-drained,Panniyur-1
,,618,4032,27.8,77,Sandy clay loam,Organic-rich,Moderate drainage,Narayakodi
,,618,4032,27.8,77,Red loam,Slightly acidic,Good drainage,Sreekara
,,618,4032,27.8,77,Loamy,Rich in organic matter,Well-drained,Panniyur-1
,,827,2094,24.7,65,Sandy clay loam,Organic-rich,Moderate drainage,Narayakodi
,,827,2094,24.7,65,Red loam,Slightly acidic,Good drainage,Sreekara
,,827,2094,24.7,65,Loamy,Rich in organic matter,Well-drained,Panniyur-1
,,838,3913,24.3,70,Sandy clay loam,Organic-rich,Moderate drainage,Narayakodi
,,838,3913,24.3,70,Red loam,Slightly acidic,Good drainage,Sreekara
,,838,3913,24.3,70,Loamy,Rich in organic matter,Well-drained,Panniyur-1
,,494,1525,22,72,Sandy clay loam,Organic-rich,Moderate drainage,Narayakodi
,,494,1525,22,72,Red loam,Slightly acidic,Good drainage,Sreekara
,,494,1525,22,72,Loamy,Rich in organic matter,Well-drained,Panniyur-1
,,963,2454,26.9,95,Sandy clay loam,Organic-rich,Moderate drainage,Narayakodi
,,963,2454,26.9,95,Red loam,Slightly acidic,Good drainage,Sreekara
,,963,2454,26.9,95,Loamy,Rich in organic matter,Well-drained,Panniyur-1
,,481,1553,27.7,65,Sandy clay loam,Organic-rich,Moderate drainage,Narayakodi
,,481,1553,27.7,65,Red loam,Slightly acidic,Good drainage,Sreekara
,,481,1553,27.7,65,Loamy,Rich in organic matter,Well-drained,Panniyur-1
,,166,3068,29.5,68,Sandy clay loam,Organic-rich,Moderate drainage,Narayakodi
,,166,3068,29.5,68,Red loam,Slightly acidic,Good drainage,Sreekara
,,166,3068,29.5,68,Loamy,Rich in organic matter,Well-drained,Panniyur-1
,,615,4782,28.3,79,Sandy clay loam,Organic-rich,Moderate drainage,Narayakodi
,,615,4782,28.3,79,Red loam,Slightly acidic,Good drainage,Sreekara
,,615,4782,28.3,79,Loamy,Rich in organic matter,Well-drained,Panniyur-1
,,1428,2009,24.7,84,Sandy clay loam,Organic-rich,Moderate drainage,Narayakodi
,,1428,2009,24.7,84,Red loam,Slightly acidic,Good drainage,Sreekara
,,1428,2009,24.7,84,Loamy,Rich in organic matter,Well-drained,Panniyur-1
,,1288,4426,26.7,77,Sandy clay loam,Organic-rich,Moderate drainage,Narayakodi
,,1288,4426,26.7,77,Red loam,Slightly acidic,Good drainage,Sreekara
,,1288,4426,26.7,77,Loamy,Rich in organic matter,Well-drained,Panniyur-1
,,1412,3474,24.2,69,Sandy clay loam,Organic-rich,Moderate drainage,Narayakodi
,,1412,3474,24.2,69,Red loam,Slightly acidic,Good drainage,Sreekara
,,1412,3474,24.2,69,Loamy,Rich in organic matter,Well-drained,Panniyur-1
,,140,1875,23.6,87,Sandy clay loam,Organic-rich,Moderate drainage,Narayakodi
,,140,1875,23.6,87,Red loam,Slightly acidic,Good drainage,Sreekara
,,140,1875,23.6,87,Loamy,Rich in organic matter,Well-drained,Panniyur-1
,,435,4788,29.4,76,Sandy clay loam,Organic-rich,Moderate drainage,Narayakodi
,,435,4788,29.4,76,Red loam,Slightly acidic,Good drainage,Sreekara
,,435,4788,29.4,76,Loamy,Rich in organic matter,Well-drained,Panniyur-1
,,325,4263,27,92,Sandy clay loam,Organic-rich,Moderate drainage,Narayakodi
,,325,4263,27,92,Red loam,Slightly acidic,Good drainage,Sreekara
,,325,4263,27,92,Loamy,Rich in organic matter,Well-drained,Panniyur-1
,,823,4824,25.4,74,Sandy clay loam,Organic-rich,Moderate drainage,Narayakodi
,,823,4824,25.4,74,Red loam,Slightly acidic,Good drainage,Sreekara
,,823,4824,25.4,74,Loamy,Rich in organic matter,Well-drained,Panniyur-1
,,1314,4459,26,67,Sandy clay loam,Organic-rich,Moderate drainage,Narayakodi
,,1314,4459,26,67,Red loam,Slightly acidic,Good drainage,Sreekara
,,1314,4459,26,67,Loamy,Rich in organic matter,Well-drained,Panniyur-1
,,590,4177,25.8,62,Sandy clay loam,Organic-rich,Moderate drainage,Narayakodi
,,590,4177,25.8,62,Red loam,Slightly acidic,Good drainage,Sreekara
,,590,4177,25.8,62,Loamy,Rich in organic matter,Well-drained,Panniyur-1
,,1095,2217,22.4,79,Sandy clay loam,Organic-rich,Moderate drainage,Narayakodi
,,1095,2217,22.4,79,Red loam,Slightly acidic,Good drainage,Sreekara
,,1095,2217,22.4,79,Loamy,Rich in organic matter,Well-drained,Panniyur-1
,,1077,1266,23.7,74,Sandy clay loam,Organic-rich,Moderate drainage,Narayakodi
,,1077,1266,23.7,74,Red loam,Slightly acidic,Good drainage,Sreekara
,,1077,1266,23.7,74,Loamy,Rich in organic matter,Well-drained,Panniyur-1
,,883,3131,22.3,76,Sandy clay loam,Organic-rich,Moderate drainage,Narayakodi
,,883,3131,22.3,76,Red loam,Slightly acidic,Good drainage,Sreekara
,,883,3131,22.3,76,Loamy,Rich in organic matter,Well-drained,Panniyur-1
,,308,3696,25.4,69,Sandy clay loam,Organic-rich,Moderate drainage,Narayakodi
,,308,3696,25.4,69,Red loam,Slightly acidic,Good drainage,Sreekara
,,308,3696,25.4,69,Loamy,Rich in organic matter,Well-drained,Panniyur-1
,,857,1839,29,92,Sandy clay loam,Organic-rich,Moderate drainage,Narayakodi
,,857,1839,29,92,Red loam,Slightly acidic,Good drainage,Sreekara
,,857,1839,29,92,Loamy,Rich in organic matter,Well-drained,Panniyur-1
,,695,1792,26.4,70,Sandy clay loam,Organic-rich,Moderate drainage,Narayakodi
,,695,1792,26.4,70,Red loam,Slightly acidic,Good drainage,Sreekara
,,695,1792,26.4,70,Loamy,Rich in organic matter,Well-drained,Panniyur-1
,,88,3130,25.2,69,Sandy clay loam,Organic-rich,Moderate drainage,Narayakodi
,,88,3130,25.2,69,Red loam,Slightly acidic,Good drainage,Sreekara
,,88,3130,25.2,69,Loamy,Rich in organic matter,Well-drained,Panniyur-1
,,1061,3871,22,77,Sandy clay loam,Organic-rich,Moderate drainage,Narayakodi
,,1061,3871,22,77,Red loam,Slightly acidic,Good drainage,Sreekara
,,1061,3871,22,77,Loamy,Rich in organic matter,Well-drained,Panniyur-1
,,1476,2416,22.3,89,Sandy clay loam,Organic-rich,Moderate drainage,Narayakodi
,,1476,2416,22.3,89,Red loam,Slightly acidic,Good drainage,Sreekara
,,1476,2416,22.3,89,Loamy,Rich in organic matter,Well-drained,Panniyur-1
,,636,4260,27.2,78,Sandy clay loam,Organic-rich,Moderate drainage,Narayakodi
,,636,4260,27.2,78,Red loam,Slightly acidic,Good drainage,Sreekara
,,636,4260,27.2,78,Loamy,Rich in organic matter,Well-drained,Panniyur-1
,,1002,3514,27.8,89,Sandy clay loam,Organic-rich,Moderate drainage,Narayakodi
,,1002,3514,27.8,89,Red loam,Slightly acidic,Good drainage,Sreekara
,,1002,3514,27.8,89,Loamy,Rich in organic matter,Well-drained,Panniyur-1
,,504,2666,29.8,86,Sandy clay loam,Organic-rich,Moderate drainage,Narayakodi
,,504,2666,29.8,86,Red loam,Slightly acidic,Good drainage,Sreekara
,,504,2666,29.8,86,Loamy,Rich in organic matter,Well-drained,Panniyur-1
,,1378,4931,22.2,82,Sandy clay loam,Organic-rich,Moderate drainage,Narayakodi
,,1378,4931,22.2,82,Red loam,Slightly acidic,Good drainage,Sreekara
,,1378,4931,22.2,82,Loamy,Rich in organic matter,Well-drained,Panniyur-1
,,271,3982,29,75,Sandy clay loam,Organic-rich,Moderate drainage,Narayakodi
,,271,3982,29,75,Red loam,Slightly acidic,Good drainage,Sreekara
,,271,3982,29,75,Loamy,Rich in organic matter,Well-drained,Panniyur-1
,,59,4435,29.8,72,Sandy clay loam,Organic-rich,Moderate drainage,Narayakodi
,,59,4435,29.8,72,Red loam,Slightly acidic,Good drainage,Sreekara
,,59,4435,29.8,72,Loamy,Rich in organic matter,Well-drained,Panniyur-1
,,882,4925,27.3,63,Sandy clay loam,Organic-rich,Moderate drainage,Narayakodi
,,882,4925,27.3,63,Red loam,Slightly acidic,Good drainage,Sreekara
,,882,4925,27.3,63,Loamy,Rich in organic matter,Well-drained,Panniyur-1
,,1182,1956,27,93,Sandy clay loam,Organic-rich,Moderate drainage,Narayakodi
,,1182,1956,27,93,Red loam,Slightly acidic,Good drainage,Sreekara
,,1182,1956,27,93,Loamy,Rich in organic matter,Well-drained,Panniyur-1
,,1386,1239,26.4,86,Sandy clay loam,Organic-rich,Moderate drainage,Narayakodi
,,1386,1239,26.4,86,Red loam,Slightly acidic,Good drainage,Sreekara
,,1386,1239,26.4,86,Loamy,Rich in organic matter,Well-drained,Panniyur-1
,,178,1776,24.9,80,Sandy clay loam,Organic-rich,Moderate drainage,Narayakodi
,,178,1776,24.9,80,Red loam,Slightly acidic,Good drainage,Sreekara
,,178,1776,24.9,80,Loamy,Rich in organic matter,Well-drained,Panniyur-1
,,1255,3795,24.7,87,Sandy clay loam,Organic-rich,Moderate drainage,Narayakodi
,,1255,3795,24.7,87,Red loam,Slightly acidic,Good drainage,Sreekara
,,1255,3795,24.7,87,Loamy,Rich in organic matter,Well-drained,Panniyur-1
,,141,3046,24.3,68,Sandy clay loam,Organic-rich,Moderate drainage,Narayakodi
,,141,3046,24.3,68,Red loam,Slightly acidic,Good drainage,Sreekara
,,141,3046,24.3,68,Loamy,Rich in organic matter,Well-drained,Panniyur-1
,,28,1508,25.4,66,Sandy clay loam,Organic-rich,Moderate drainage,Narayakodi
,,28,1508,25.4,66,Red loam,Slightly acidic,Good drainage,Sreekara
,,28,1508,25.4,66,Loamy,Rich in organic matter,Well-drained,Panniyur-1
,,1147,2812,25,91,Sandy clay loam,Organic-rich,Moderate drainage,Narayakodi
,,1147,2812,25,91,Red loam,Slightly acidic,Good drainage,Sreekara
,,1147,2812,25,91,Loamy,Rich in organic matter,Well-drained,Panniyur-1
,,1390,1641,22.4,84,Sandy clay loam,Organic-rich,Moderate drainage,Narayakodi
,,1390,1641,22.4,84,Red loam,Slightly acidic,Good drainage,Sreekara
,,1390,1641,22.4,84,Loamy,Rich in organic matter,Well-drained,Panniyur-1
,,325,2384,25.5,62,Sandy clay loam,Organic-rich,Moderate drainage,Narayakodi
,,325,2384,25.5,62,Red loam,Slightly acidic,Good drainage,Sreekara
,,325,2384,25.5,62,Loamy,Rich in organic matter,Well-drained,Panniyur-1
,,290,3919,24.4,89,Sandy clay loam,Organic-rich,Moderate drainage,Narayakodi
,,290,3919,24.4,89,Red loam,Slightly acidic,Good drainage,Sreekara
,,290,3919,24.4,89,Loamy,Rich in organic matter,Well-drained,Panniyur-1
,,1133,3342,22,85,Sandy clay loam,Organic-rich,Moderate drainage,Narayakodi
,,1133,3342,22,85,Red loam,Slightly acidic,Good drainage,Sreekara
,,1133,3342,22,85,Loamy,Rich in organic matter,Well-drained,Panniyur-1
,,1217,2800,25,91,Sandy clay loam,Organic-rich,Moderate drainage,Narayakodi
,,1217,2800,25,91,Red loam,Slightly acidic,Good drainage,Sreekara
,,1217,2800,25,91,Loamy,Rich in organic matter,Well-drained,Panniyur-1
,,81,2649,26.8,64,Sandy clay loam,Organic-rich,Moderate drainage,Narayakodi
,,81,2649,26.8,64,Red loam,Slightly acidic,Good drainage,Sreekara
,,81,2649,26.8,64,Loamy,Rich in organic matter,Well-drained,Panniyur-1
,,804,4057,29.9,87,Sandy clay loam,Organic-rich,Moderate drainage,Narayakodi
,,804,4057,29.9,87,Red loam,Slightly acidic,Good drainage,Sreekara
,,804,4057,29.9,87,Loamy,Rich in organic matter,Well-drained,Panniyur-1
,,47,3045,25.3,79,Sandy clay loam,Organic-rich,Moderate drainage,Narayakodi
,,47,3045,25.3,79,Red loam,Slightly acidic,Good drainage,Sreekara
,,47,3045,25.3,79,Loamy,Rich in organic matter,Well-drained,Panniyur-1
,,672,2580,23.2,60,Sandy clay loam,Organic-rich,Moderate drainage,Narayakodi
,,672,2580,23.2,60,Red loam,Slightly acidic,Good drainage,Sreekara
,,672,2580,23.2,60,Loamy,Rich in organic matter,Well-drained,Panniyur-1
,,1378,1211,28.5,61,Sandy clay loam,Organic-rich,Moderate drainage,Narayakodi
,,1378,1211,28.5,61,Red loam,Slightly acidic,Good drainage,Sreekara
,,1378,1211,28.5,61,Loamy,Rich in organic matter,Well-drained,Panniyur-1
,,1108,2361,28.4,78,Sandy clay loam,Organic-rich,Moderate drainage,Narayakodi
,,1108,2361,28.4,78,Red loam,Slightly acidic,Good drainage,Sreekara
,,1108,2361,28.4,78,Loamy,Rich in organic matter,Well-drained,Panniyur-1
,,1366,1518,28,85,Sandy clay loam,Organic-rich,Moderate drainage,Narayakodi
,,1366,1518,28,85,Red loam,Slightly acidic,Good drainage,Sreekara
,,1366,1518,28,85,Loamy,Rich in organic matter,Well-drained,Panniyur-1
,,316,1598,23.4,91,Sandy clay loam,Organic-rich,Moderate drainage,Narayakodi
,,316,1598,23.4,91,Red loam,Slightly acidic,Good drainage,Sreekara
,,316,1598,23.4,91,Loamy,Rich in organic matter,Well-drained,Panniyur-1
,,1018,4080,22.9,64,Sandy clay loam,Organic-rich,Moderate drainage,Narayakodi
,,1018,4080,22.9,64,Red loam,Slightly acidic,Good drainage,Sreekara
,,1018,4080,22.9,64,Loamy,Rich in organic matter,Well-drained,Panniyur-1
,,348,3265,27.4,81,Sandy clay loam,Organic-rich,Moderate drainage,Narayakodi
,,348,3265,27.4,81,Red loam,Slightly acidic,Good drainage,Sreekara
,,348,3265,27.4,81,Loamy,Rich in organic matter,Well-drained,Panniyur-1
,,1187,4669,25.9,69,Sandy clay loam,Organic-rich,Moderate drainage,Narayakodi
,,1187,4669,25.9,69,Red loam,Slightly acidic,Good drainage,Sreekara
,,1187,4669,25.9,69,Loamy,Rich in organic matter,Well-drained,Panniyur-1
,,269,2510,26.6,93,Sandy clay loam,Organic-rich,Moderate drainage,Narayakodi
,,269,2510,26.6,93,Red loam,Slightly acidic,Good drainage,Sreekara
,,269,2510,26.6,93,Loamy,Rich in organic matter,Well-drained,Panniyur-1
,,714,2742,26.7,94,Sandy clay loam,Organic-rich,Moderate drainage,Narayakodi
,,714,2742,26.7,94,Red loam,Slightly acidic,Good drainage,Sreekara
,,714,2742,26.7,94,Loamy,Rich in organic matter,Well-drained,Panniyur-1
,,821,2594,28,89,Sandy clay loam,Organic-rich,Moderate drainage,Narayakodi
,,821,2594,28,89,Red loam,Slightly acidic,Good drainage,Sreekara
,,821,2594,28,89,Loamy,Rich in organic matter,Well-drained,Panniyur-1
,,1445,4926,26.6,89,Sandy clay loam,Organic-rich,Moderate drainage,Narayakodi
,,1445,4926,26.6,89,Red loam,Slightly acidic,Good drainage,Sreekara
,,1445,4926,26.6,89,Loamy,Rich in organic matter,Well-drained,Panniyur-1
,,319,1762,28.6,74,Sandy clay loam,Organic-rich,Moderate drainage,Narayakodi
,,319,1762,28.6,74,Red loam,Slightly acidic,Good drainage,Sreekara
,,319,1762,28.6,74,Loamy,Rich in organic matter,Well-drained,Panniyur-1
,,1419,3118,23.5,75,Sandy clay loam,Organic-rich,Moderate drainage,Narayakodi
,,1419,3118,23.5,75,Red loam,Slightly acidic,Good drainage,Sreekara
,,1419,3118,23.5,75,Loamy,Rich in organic matter,Well-drained,Panniyur-1
,,565,3094,26.9,95,Sandy clay loam,Organic-rich,Moderate drainage,Narayakodi
,,565,3094,26.9,95,Red loam,Slightly acidic,Good drainage,Sreekara
,,565,3094,26.9,95,Loamy,Rich in organic matter,Well-drained,Panniyur-1
,,1179,3028,28.3,79,Sandy clay loam,Organic-rich,Moderate drainage,Narayakodi
,,1179,3028,28.3,79,Red loam,Slightly acidic,Good drainage,Sreekara
,,1179,3028,28.3,79,Loamy,Rich in organic matter,Well-drained,Panniyur-1
,,1245,2598,29.3,86,Sandy clay loam,Organic-rich,Moderate drainage,Narayakodi
,,1245,2598,29.3,86,Red loam,Slightly acidic,Good drainage,Sreekara
,,1245,2598,29.3,86,Loamy,Rich in organic matter,Well-drained,Panniyur-1
,,214,1416,26.8,92,Sandy clay loam,Organic-rich,Moderate drainage,Narayakodi
,,214,1416,26.8,92,Red loam,Slightly acidic,Good drainage,Sreekara
,,214,1416,26.8,92,Loamy,Rich in organic matter,Well-drained,Panniyur-1